{
  "gizmos-infos": {
    "is2D": false,
    "is3DIcon": false,
    "iconSize": 2,
    "gridVisible": true,
    "gridColor": [
      150,
      150,
      150,
      255
    ],
    "isIconGizmo3D": false,
    "iconGizmoSize": 2,
    "isGridVisible": true
  },
  "float-window": {
    "position": {
      "cc": {
        "Camera": {
          "dock": false,
          "top": null,
          "bottom": 10,
          "left": null,
          "right": 10
        }
      }
    }
  },
  "camera": {
    "fov": 45,
    "far": 10000,
    "near": 0.01,
    "color": [
      48,
      48,
      48,
      255
    ],
    "wheelSpeed": 0.01,
    "wanderSpeed": 10,
    "enableAcceleration": true,
    "far2D": 10000,
    "near2D": 1,
    "wheelSpeed2D": 6
  },
  "camera-infos": {
    "f46876e4-e81b-4931-b493-6d367be385e7": {
      "position": {
        "x": 50,
        "y": 50,
        "z": 50
      },
      "rotation": {
        "x": -0.27984814233312133,
        "y": 0.3647051996310009,
        "z": 0.11591689595929514,
        "w": 0.8804762392171493
      },
      "viewCenter": {
        "x": 0,
        "y": 0,
        "z": 0
      }
    },
    "8c52530f-5086-4398-a36d-f20b902cc720": {
      "position": {
        "x": -2.1342949061670726,
        "y": 5.802893843747884,
        "z": 2.661074568195816
      },
      "rotation": {
        "x": -0.4328163358248625,
        "y": -0.29463898078747797,
        "z": -0.15212622209957943,
        "w": 0.8382812791612908
      },
      "viewCenter": {
        "x": 0,
        "y": 1,
        "z": 0
      }
    }
  },
  "camera-uuids": [
    "8c52530f-5086-4398-a36d-f20b902cc720"
  ],
  "game-view": {
    "scaleValue": 100,
    "sliderValue": 50,
    "devicesInfo": {
      "name": "iPhone SE",
      "type": "device",
      "width": 375,
      "height": 667
    }
  }
}
